timestamp,僕が見たかった青空,AKB48,乃木坂46,NiziU,ME:I,ILLIT,IVE,LE SSERAFIM,Kep1er,NewJeans
2026-09-20T18:41,78091524,2528504019,1781325675,1860010707,590092273,4343962542,4887412507,6820819754,1211254184,5368785794
2026-09-21T19:34,78133597,2531060534,1781325675,1861939971,590182583,4350215390,4888577415,6823819022,1211361451,5368785794
2026-09-22T18:46,78299572,2531060534,1781325675,1862864271,590614579,4364063887,4891203853,6832483204,1211643990,5368785794
2026-09-23T18:50,78299572,2531060534,1781325675,1863363809,590919981,4372470658,4892606757,6836657085,1211775899,5368785794
2026-09-24T18:49,78487727,2531060534,1781325675,1863908787,591248270,4385532769,4894884538,6843645862,1211962474,5368785794
2026-09-25T19:05,78591964,2533489739,1789811555,1864711550,591607187,4400478541,4898342481,6851397781,1211962474,5368785794
2026-09-26T18:46,78591964,2534167413,1789811555,1865816968,591607187,4414519739,4901649937,6851397781,1211962474,5368785794
2026-09-27T19:28,78591964,2534167413,1789811555,1865816968,592118334,4414519739,4901649937,6858824636,1211962474,5368785794
2026-09-28T20:36,78796909,2534883035,1789811555,1866794956,592742470,4431770953,4905243221,6865913380,1212599278,5368785794
2026-09-29T20:13,78796909,2534883035,1789811555,1866794956,592742470,4431770953,4905243221,6865913380,1212599278,5368785794
2026-09-30T20:02,78941329,2534883035,1789811555,1869585254,593628216,4454480190,4910632621,6876991465,1212599278,5368785794
2026-10-01T20:29,78941329,2534883035,1789811555,1870036398,593628216,4454480190,4910632621,6879188416,1212599278,5368785794
2026-10-02T19:58,79018782,2534883035,1789811555,1871270830,594126664,4454480190,4914496541,6885479823,1212599278,5368785794
2026-10-03T19:18,79018782,2534883035,1789811555,1871270830,594126664,4454480190,4914496541,6885479823,1212599278,5368785794
2026-10-04T20:02,79155593,2538441803,1789811555,1874101227,595091906,4487692268,4921920793,6898725126,1212599278,5368785794
2026-10-05T21:10,79212214,2538899031,1789811555,1875162273,595091906,4492824391,4923609421,6902628353,1212599278,5368785794
2026-10-06T20:54,79212214,2538899031,1789811555,1876125857,595091906,4500595855,4926409572,6907941640,1212599278,5368785794
2026-10-07T20:38,79410187,2538899031,1789811555,1877090363,595697076,4508778950,4929421453,6913827299,1212599278,5368785794
2026-10-08T20:53,79450704,2540356823,1789811555,1877481736,595827470,4513296161,4930962194,6916844808,1212599278,5422679698
2026-10-09T20:45,79450704,2540356823,1789811555,1878241458,596182226,4523175178,4935627317,6921798482,1212599278,5422679698
